,class,y = ,y0, + \frac {,ymax,y0,ymax-y0,}{1+10^{{(,y50, - x)} \bullet ,H,}},y = y0 + \frac {ymax-y0}{1+10^{{(y50 - x)} \bullet H}}
1,(5'->5')-dinucleotides,y = ,226.4869819, + \frac {,244.2732877,226.4869819,17.78630585,}{1+10^{{(,748.5339162, - x)} \bullet ,0.027198211,}},y = 226.4870 + \frac {17.7863}{1+10^{{(748.5339 - x)} \bullet 0.0272}}
2,Carboxylic acids and derivatives,y = ,-116.0755482, + \frac {,534.6501604,-116.0755482,650.7257086,}{1+10^{{(,529.0228441, - x)} \bullet ,0.000549551,}},y = -116.0755 + \frac {650.7257}{1+10^{{(529.0228 - x)} \bullet 0.0005}}
3,Organonitrogen compounds,y = ,29.75680562, + \frac {,375.3557912,29.75680562,345.5989856,}{1+10^{{(,338.1397479, - x)} \bullet ,0.002029216,}},y = 29.7568 + \frac {345.5990}{1+10^{{(338.1397 - x)} \bullet 0.0020}}
4,Organooxygen compounds,y = ,-6.634385989, + \frac {,472.516411,-6.634385989,479.150797,}{1+10^{{(,623.7473676, - x)} \bullet ,0.00083616,}},y = -6.6344 + \frac {479.1508}{1+10^{{(623.7474 - x)} \bullet 0.0008}}
5,Peptidomimetics,y = ,149.5290286, + \frac {,379.3358009,149.5290286,229.8067723,}{1+10^{{(,869.9749684, - x)} \bullet ,0.002645192,}},y = 149.5290 + \frac {229.8068}{1+10^{{(869.9750 - x)} \bullet 0.0026}}
6,Pteridines and derivatives,y = ,202.99151, + \frac {,100.5603396,202.99151,-102.4311704,}{1+10^{{(,229.4006985, - x)} \bullet ,-0.005535997,}},y = 202.9915 + \frac {-102.4312}{1+10^{{(229.4007 - x)} \bullet -0.0055}}
7,Pyrimidine nucleotides,y = ,153.0178484, + \frac {,240.9840585,153.0178484,87.96621009,}{1+10^{{(,506.2157523, - x)} \bullet ,0.004324368,}},y = 153.0178 + \frac {87.9662}{1+10^{{(506.2158 - x)} \bullet 0.0043}}