"","class","a","k","y0"
"1","Alkali metal iodides","0.612398342519917","0.737980911188076","96.0692052050032"
"2","Anilides","7.16646059429893e-05","2.18583601181689","142.076761207971"
"3","Benzoic acids and derivatives","2.54261385218452","0.681984975555903","51.5176318812127"
"4","Pyrimidines and pyrimidine derivatives","-1217.88636027685","-0.450262833078964","262.064623432462"
