"","class","y0","ymax","y50","H"
"1","Alkyl halides","24.6507230898598","319.85126605733","514.353340955123","0.0011503401657216"
"2","Carboxylic acids and derivatives","-95.6620685045474","525.225648364717","556.852439211685","0.000580027726047335"
"3","Organic sulfonic acids and derivatives","96.4986968904966","311.588516993634","667.739922417978","0.00149436449803165"
"4","Organonitrogen compounds","26.7410411468968","376.356775249515","335.139169616962","0.00199517300870077"
"5","Organooxygen compounds","-2.2476390507458","471.35358672721","630.979948010471","0.000845551231262076"
"6","Peptidomimetics","379.335886280333","149.528831017769","869.974700436585","-0.00264518641935715"
"7","Purine nucleotides","161.615652058287","272.361112783124","619.995251367742","0.00341578521323715"
