"","class","a","k","y0"
"1","Alkali metal salts","0.612398342519917","0.737980911188076","96.0692052050032"
"2","Benzene and substituted derivatives","2.13053169354767","0.661946822053365","74.9060773205724"
"3","Diazines","-1217.88636027685","-0.450262833078964","262.064623432462"
"4","Glycerophospholipids","20.1710443203424","0.417078828197327","-41.8739226776114"
"5","Polypeptides","0.197479031934112","0.990546049028175","76.7815871641087"
"6","Prenol lipids","0.418754064571278","0.918592476611625","93.9105274801282"
"7","Proteins","-342649.010329707","-1.27530361716061","285.939608135654"
